http://somosazucar.org/2011/09/04/software-de-la-liberacion/,http://somosazucar.org/posts/2011/09/04/software-de-la-liberacion.html
http://somosazucar.org/2014/10/09/resumen-de-actividades-laboratorios-azucar-october-9th/,http://somosazucar.org/posts/2014/10/09/resumen-de-actividades-laboratorios-azucar-october-9th.html
http://somosazucar.org/2010/05/15/cartas-a-los-maestros/,http://somosazucar.org/posts/2010/05/15/cartas-a-los-maestros.html
http://somosazucar.org/2013/08/06/peru-red-azucar-sera-piloteada-por-docentes-de-apoyo-tecnologico/,http://somosazucar.org/posts/2013/08/06/peru-red-azucar-sera-piloteada-por-docentes-de-apoyo-tecnologico.html
http://somosazucar.org/tag/actualizaxo,/categories/actualizaxo/
http://somosazucar.org/2010/06/09/festival-misky-pachamama-2010/,http://somosazucar.org/posts/2010/06/09/festival-misky-pachamama-2010.html
http://somosazucar.org/2012/05/03/proyecto-hexoquinasa-entrega-v0-2/,http://somosazucar.org/posts/2012/05/03/proyecto-hexoquinasa-entrega-v0-2.html
http://somosazucar.org/2012/06/04/un-avance-de-la-red-azucar-0-3-sneak-peek-of-sugar-network-0-3/,http://somosazucar.org/posts/2012/06/04/un-avance-de-la-red-azucar-0-3-sneak-peek-of-sugar-network-0-3.html
http://somosazucar.org/2014/12/25/resumen-de-actividades-laboratorios-azucar-december-25th/,http://somosazucar.org/posts/2014/12/25/resumen-de-actividades-laboratorios-azucar-december-25th.html
http://somosazucar.org/tag/convocatoria,/categories/convocatoria/
http://somosazucar.org/2014/03/06/resumen-de-actividades-laboratorios-azucar-march-6th/,http://somosazucar.org/posts/2014/03/06/resumen-de-actividades-laboratorios-azucar-march-6th.html
http://somosazucar.org/2013/03/12/convocatoria/,http://somosazucar.org/posts/2013/03/12/convocatoria.html
http://somosazucar.org/2015/04/22/resumen-de-actividades-laboratorios-azucar-april-22nd/,http://somosazucar.org/posts/2015/04/22/resumen-de-actividades-laboratorios-azucar-april-22nd.html
http://somosazucar.org/2015/02/11/resumen-de-actividades-laboratorios-azucar-february-11th/,http://somosazucar.org/posts/2015/02/11/resumen-de-actividades-laboratorios-azucar-february-11th.html
http://somosazucar.org/2014/09/04/resumen-de-actividades-laboratorios-azucar-september-4th/,http://somosazucar.org/posts/2014/09/04/resumen-de-actividades-laboratorios-azucar-september-4th.html
http://somosazucar.org/tag/puno,/categories/puno/
http://somosazucar.org/?p=518,http://somosazucar.org/posts/518.html
http://somosazucar.org/2012/04/16/proyecto-hexoquinasa-0-1/,http://somosazucar.org/posts/2012/04/16/proyecto-hexoquinasa-0-1.html
http://somosazucar.org/2015/04/01/resumen-de-actividades-laboratorios-azucar-april-1st/,http://somosazucar.org/posts/2015/04/01/resumen-de-actividades-laboratorios-azucar-april-1st.html
http://somosazucar.org/2015/03/18/resumen-de-actividades-laboratorios-azucar-march-18th/,http://somosazucar.org/posts/2015/03/18/resumen-de-actividades-laboratorios-azucar-march-18th.html
http://somosazucar.org/2015/03/04/resumen-de-actividades-laboratorios-azucar-march-4th/,http://somosazucar.org/posts/2015/03/04/resumen-de-actividades-laboratorios-azucar-march-4th.html
http://somosazucar.org/2014/11/06/resumen-de-actividades-laboratorios-azucar-november-6th/,http://somosazucar.org/posts/2014/11/06/resumen-de-actividades-laboratorios-azucar-november-6th.html
http://somosazucar.org/2010/04/21/convocatoria-somos-azucar-03/,http://somosazucar.org/posts/2010/04/21/convocatoria-somos-azucar-03.html
http://somosazucar.org/tag/eventos-icarito-digete-ulima-smarcone,/categories/eventos-icarito-digete-ulima-smarcone/
http://somosazucar.org/2014/08/07/resumen-de-actividades-laboratorios-azucar-august-7th/,http://somosazucar.org/posts/2014/08/07/resumen-de-actividades-laboratorios-azucar-august-7th.html
http://somosazucar.org/2010/05/01/presentacion-proyecto-malla/,http://somosazucar.org/posts/2010/05/01/presentacion-proyecto-malla.html
http://somosazucar.org/2014/08/29/git-para-sugar/,http://somosazucar.org/posts/2014/08/29/git-para-sugar.html
http://somosazucar.org/tag/expedicion-somos-azucar,/categories/expedicion-somos-azucar/
http://somosazucar.org/2010/11/20/informe-sobre-la-investigacion-de-las-laptop-xo/,http://somosazucar.org/posts/2010/11/20/informe-sobre-la-investigacion-de-las-laptop-xo.html
http://somosazucar.org/2013/10/07/resumen-de-actividades-laboratorios-azucar-october-7th/,http://somosazucar.org/posts/2013/10/07/resumen-de-actividades-laboratorios-azucar-october-7th.html
http://somosazucar.org/2013/11/11/resumen-de-actividades-laboratorios-azucar-november-11th/,http://somosazucar.org/posts/2013/11/11/resumen-de-actividades-laboratorios-azucar-november-11th.html
http://somosazucar.org/2014/10/16/resumen-de-actividades-laboratorios-azucar-october-16th/,http://somosazucar.org/posts/2014/10/16/resumen-de-actividades-laboratorios-azucar-october-16th.html
http://somosazucar.org/2014/06/26/resumen-de-actividades-laboratorios-azucar-june-26th/,http://somosazucar.org/posts/2014/06/26/resumen-de-actividades-laboratorios-azucar-june-26th.html
http://somosazucar.org/2015/03/11/resumen-de-actividades-laboratorios-azucar-march-11th/,http://somosazucar.org/posts/2015/03/11/resumen-de-actividades-laboratorios-azucar-march-11th.html
http://somosazucar.org/tag/sugarcamp,/categories/sugarcamp/
http://somosazucar.org/2013/11/18/resumen-de-actividades-laboratorios-azucar-november-18th/,http://somosazucar.org/posts/2013/11/18/resumen-de-actividades-laboratorios-azucar-november-18th.html
http://somosazucar.org/2014/08/28/resumen-de-actividades-laboratorios-azucar-august-28th/,http://somosazucar.org/posts/2014/08/28/resumen-de-actividades-laboratorios-azucar-august-28th.html
http://somosazucar.org/2014/10/30/resumen-de-actividades-laboratorios-azucar-october-30th/,http://somosazucar.org/posts/2014/10/30/resumen-de-actividades-laboratorios-azucar-october-30th.html
http://somosazucar.org/2015/04/13/faircoin-accepted-aceptamos-faircoin/,http://somosazucar.org/posts/2015/04/13/faircoin-accepted-aceptamos-faircoin.html
http://somosazucar.org/2014/05/25/17-al-1-de-julio-2014-sugar-camp-chia-colombia/,http://somosazucar.org/posts/2014/05/25/17-al-1-de-julio-2014-sugar-camp-chia-colombia.html
http://somosazucar.org/2015/02/04/resumen-de-actividades-laboratorios-azucar-february-4th/,http://somosazucar.org/posts/2015/02/04/resumen-de-actividades-laboratorios-azucar-february-4th.html
http://somosazucar.org/tag/documentos,/categories/documentos/
http://somosazucar.org/2015/01/15/resumen-de-actividades-laboratorios-azucar-january-15th/,http://somosazucar.org/posts/2015/01/15/resumen-de-actividades-laboratorios-azucar-january-15th.html
http://somosazucar.org/2012/06/17/somos-azucar-en-lanzamiento-observatorio-de-adquisiciones-de-tierra/,http://somosazucar.org/posts/2012/06/17/somos-azucar-en-lanzamiento-observatorio-de-adquisiciones-de-tierra.html
http://somosazucar.org/2014/06/19/resumen-de-actividades-laboratorios-azucar-june-19th/,http://somosazucar.org/posts/2014/06/19/resumen-de-actividades-laboratorios-azucar-june-19th.html
http://somosazucar.org/2014/01/30/resumen-de-actividades-laboratorios-azucar-january-30th/,http://somosazucar.org/posts/2014/01/30/resumen-de-actividades-laboratorios-azucar-january-30th.html
http://somosazucar.org/2015/01/22/resumen-de-actividades-laboratorios-azucar-january-22nd/,http://somosazucar.org/posts/2015/01/22/resumen-de-actividades-laboratorios-azucar-january-22nd.html
http://somosazucar.org/2014/10/02/resumen-de-actividades-laboratorios-azucar-october-2nd/,http://somosazucar.org/posts/2014/10/02/resumen-de-actividades-laboratorios-azucar-october-2nd.html
http://somosazucar.org/tag/acta,/categories/acta/
http://somosazucar.org/2014/07/10/resumen-de-actividades-laboratorios-azucar-july-10th/,http://somosazucar.org/posts/2014/07/10/resumen-de-actividades-laboratorios-azucar-july-10th.html
http://somosazucar.org/2015/05/22/resumen-de-actividades-laboratorios-azucar-may-22nd-2/,http://somosazucar.org/posts/2015/05/22/resumen-de-actividades-laboratorios-azucar-may-22nd-2.html
http://somosazucar.org/2014/05/29/resumen-de-actividades-laboratorios-azucar-may-29th/,http://somosazucar.org/posts/2014/05/29/resumen-de-actividades-laboratorios-azucar-may-29th.html
http://somosazucar.org/tag/sitio-web,/categories/sitio-web/
http://somosazucar.org/2013/12/30/resumen-de-actividades-laboratorios-azucar-december-30th/,http://somosazucar.org/posts/2013/12/30/resumen-de-actividades-laboratorios-azucar-december-30th.html
http://somosazucar.org/2014/09/19/peru-un-despliegue-innovador/,http://somosazucar.org/posts/2014/09/19/peru-un-despliegue-innovador.html
http://somosazucar.org/2012/05/18/hexoquinasa-v0-25/,http://somosazucar.org/posts/2012/05/18/hexoquinasa-v0-25.html
http://somosazucar.org/2014/03/13/resumen-de-actividades-laboratorios-azucar-march-13th/,http://somosazucar.org/posts/2014/03/13/resumen-de-actividades-laboratorios-azucar-march-13th.html
http://somosazucar.org/?p=320,http://somosazucar.org/posts/320.html
http://somosazucar.org/tag/pdf,/categories/pdf/
http://somosazucar.org/2011/12/19/asamblea-general-martes-20122011/,http://somosazucar.org/posts/2011/12/19/asamblea-general-martes-20122011.html
http://somosazucar.org/2014/12/11/resumen-de-actividades-laboratorios-azucar-december-11th/,http://somosazucar.org/posts/2014/12/11/resumen-de-actividades-laboratorios-azucar-december-11th.html
http://somosazucar.org/tag/investigacion,/categories/investigacion/
http://somosazucar.org/2015/04/24/resumen-de-actividades-laboratorios-azucar-april-24th-2/,http://somosazucar.org/posts/2015/04/24/resumen-de-actividades-laboratorios-azucar-april-24th-2.html
http://somosazucar.org/?p=192,http://somosazucar.org/posts/192.html
http://somosazucar.org/2014/05/08/resumen-de-actividades-laboratorios-azucar-may-8th/,http://somosazucar.org/posts/2014/05/08/resumen-de-actividades-laboratorios-azucar-may-8th.html
http://somosazucar.org/2013/02/21/mensaje-de-hexoquinasa-llega-a-los-dat-en-huampani/,http://somosazucar.org/posts/2013/02/21/mensaje-de-hexoquinasa-llega-a-los-dat-en-huampani.html
http://somosazucar.org/2014/08/21/resumen-de-actividades-laboratorios-azucar-august-21st/,http://somosazucar.org/posts/2014/08/21/resumen-de-actividades-laboratorios-azucar-august-21st.html
http://somosazucar.org/2011/02/05/proyecto-sunset/,http://somosazucar.org/posts/2011/02/05/proyecto-sunset.html
http://somosazucar.org/2014/06/19/sugar-camp-chia-2014-fechas-actualizadas-17-18-y-19-de-julio/,http://somosazucar.org/posts/2014/06/19/sugar-camp-chia-2014-fechas-actualizadas-17-18-y-19-de-julio.html
http://somosazucar.org/tag/proyecto-malla,/categories/proyecto-malla/
http://somosazucar.org/tag/mapa,/categories/mapa/
http://somosazucar.org/2014/02/20/resumen-de-actividades-laboratorios-azucar-february-20th/,http://somosazucar.org/posts/2014/02/20/resumen-de-actividades-laboratorios-azucar-february-20th.html
http://somosazucar.org/2015/04/23/coleccion-taller-del-artesano/,http://somosazucar.org/posts/2015/04/23/coleccion-taller-del-artesano.html
http://somosazucar.org/2015/06/19/resumen-de-actividades-laboratorios-azucar-june-19th-2/,http://somosazucar.org/posts/2015/06/19/resumen-de-actividades-laboratorios-azucar-june-19th-2.html
http://somosazucar.org/2013/04/26/hexoquinasa-entrega-version-0-9-beta2/,http://somosazucar.org/posts/2013/04/26/hexoquinasa-entrega-version-0-9-beta2.html
http://somosazucar.org/2014/08/07/analisis-al-borrador-del-plan-vive-digital-colombia-2014-2018/,http://somosazucar.org/posts/2014/08/07/analisis-al-borrador-del-plan-vive-digital-colombia-2014-2018.html
http://somosazucar.org/tag/etherpad,/categories/etherpad/
http://somosazucar.org/2010/11/06/candidatura-para-sugar-labs-2010/,http://somosazucar.org/posts/2010/11/06/candidatura-para-sugar-labs-2010.html
http://somosazucar.org/2012/06/26/foro-idic-comunicacion-tecnologia-y-educacion/,http://somosazucar.org/posts/2012/06/26/foro-idic-comunicacion-tecnologia-y-educacion.html
http://somosazucar.org/2014/03/20/resumen-de-actividades-laboratorios-azucar-march-20th/,http://somosazucar.org/posts/2014/03/20/resumen-de-actividades-laboratorios-azucar-march-20th.html
http://somosazucar.org/tag/olpc,/categories/olpc/
http://somosazucar.org/2012/01/11/despedida-a-jose-henry-alanoca-laura-q-e-p-d/,http://somosazucar.org/posts/2012/01/11/despedida-a-jose-henry-alanoca-laura-q-e-p-d.html
http://somosazucar.org/2014/05/22/resumen-de-actividades-laboratorios-azucar-may-22nd/,http://somosazucar.org/posts/2014/05/22/resumen-de-actividades-laboratorios-azucar-may-22nd.html
http://somosazucar.org/2011/07/11/lanzamiento-de-websdk-technology-preview-1-y-webpy-studio/,http://somosazucar.org/posts/2011/07/11/lanzamiento-de-websdk-technology-preview-1-y-webpy-studio.html
http://somosazucar.org/2014/11/27/resumen-de-actividades-laboratorios-azucar-november-27th/,http://somosazucar.org/posts/2014/11/27/resumen-de-actividades-laboratorios-azucar-november-27th.html
http://somosazucar.org/2013/09/30/resumen-de-actividades-laboratorios-azucar-september-30th/,http://somosazucar.org/posts/2013/09/30/resumen-de-actividades-laboratorios-azucar-september-30th.html
http://somosazucar.org/2011/03/05/sugar-baby/,http://somosazucar.org/posts/2011/03/05/sugar-baby.html
http://somosazucar.org/tag/peru,/categories/peru/
http://somosazucar.org/2014/07/31/resumen-de-actividades-laboratorios-azucar-july-31st/,http://somosazucar.org/posts/2014/07/31/resumen-de-actividades-laboratorios-azucar-july-31st.html
http://somosazucar.org/2015/02/18/resumen-de-actividades-laboratorios-azucar-february-18th/,http://somosazucar.org/posts/2015/02/18/resumen-de-actividades-laboratorios-azucar-february-18th.html
http://somosazucar.org/2015/03/25/resumen-de-actividades-laboratorios-azucar-march-25th/,http://somosazucar.org/posts/2015/03/25/resumen-de-actividades-laboratorios-azucar-march-25th.html
http://somosazucar.org/2014/09/18/resumen-de-actividades-laboratorios-azucar-september-18th/,http://somosazucar.org/posts/2014/09/18/resumen-de-actividades-laboratorios-azucar-september-18th.html
http://somosazucar.org/2014/04/24/resumen-de-actividades-laboratorios-azucar-april-24th/,http://somosazucar.org/posts/2014/04/24/resumen-de-actividades-laboratorios-azucar-april-24th.html
http://somosazucar.org/2014/01/13/resumen-de-actividades-laboratorios-azucar-january-13th/,http://somosazucar.org/posts/2014/01/13/resumen-de-actividades-laboratorios-azucar-january-13th.html
http://somosazucar.org/2014/04/03/resumen-de-actividades-laboratorios-azucar-april-3rd/,http://somosazucar.org/posts/2014/04/03/resumen-de-actividades-laboratorios-azucar-april-3rd.html
http://somosazucar.org/2014/04/17/resumen-de-actividades-laboratorios-azucar-april-17th/,http://somosazucar.org/posts/2014/04/17/resumen-de-actividades-laboratorios-azucar-april-17th.html
http://somosazucar.org/2014/02/27/resumen-de-actividades-laboratorios-azucar-february-27th/,http://somosazucar.org/posts/2014/02/27/resumen-de-actividades-laboratorios-azucar-february-27th.html
http://somosazucar.org/2014/06/05/resumen-de-actividades-laboratorios-azucar-june-5th/,http://somosazucar.org/posts/2014/06/05/resumen-de-actividades-laboratorios-azucar-june-5th.html
http://somosazucar.org/2014/04/10/resumen-de-actividades-laboratorios-azucar-april-10th/,http://somosazucar.org/posts/2014/04/10/resumen-de-actividades-laboratorios-azucar-april-10th.html
http://somosazucar.org/2013/12/09/resumen-de-actividades-laboratorios-azucar-december-9th/,http://somosazucar.org/posts/2013/12/09/resumen-de-actividades-laboratorios-azucar-december-9th.html
http://somosazucar.org/te-gusta-lo-que-hacemos/,http://somosazucar.org/stories/te-gusta-lo-que-hacemos.html
http://somosazucar.org/2014/09/25/resumen-de-actividades-laboratorios-azucar-september-25th/,http://somosazucar.org/posts/2014/09/25/resumen-de-actividades-laboratorios-azucar-september-25th.html
http://somosazucar.org/2010/04/25/acta03/,http://somosazucar.org/posts/2010/04/25/acta03.html
http://somosazucar.org/2015/02/25/resumen-de-actividades-laboratorios-azucar-february-25th/,http://somosazucar.org/posts/2015/02/25/resumen-de-actividades-laboratorios-azucar-february-25th.html
http://somosazucar.org/tag/flisol,/categories/flisol/
http://somosazucar.org/tag/misky,/categories/misky/
http://somosazucar.org/2014/09/11/resumen-de-actividades-laboratorios-azucar-september-11th/,http://somosazucar.org/posts/2014/09/11/resumen-de-actividades-laboratorios-azucar-september-11th.html
http://somosazucar.org/2014/12/18/resumen-de-actividades-laboratorios-azucar-december-18th/,http://somosazucar.org/posts/2014/12/18/resumen-de-actividades-laboratorios-azucar-december-18th.html
http://somosazucar.org/2010/04/20/documentos-en-borrador/,http://somosazucar.org/posts/2010/04/20/documentos-en-borrador.html
http://somosazucar.org/2010/11/06/como-participar-de-las-elecciones-de-sugar-labs/,http://somosazucar.org/posts/2010/11/06/como-participar-de-las-elecciones-de-sugar-labs.html
http://somosazucar.org/2013/12/16/resumen-de-actividades-laboratorios-azucar-december-16th/,http://somosazucar.org/posts/2013/12/16/resumen-de-actividades-laboratorios-azucar-december-16th.html
http://somosazucar.org/2014/02/13/resumen-de-actividades-laboratorios-azucar-february-13th/,http://somosazucar.org/posts/2014/02/13/resumen-de-actividades-laboratorios-azucar-february-13th.html
http://somosazucar.org/2014/11/20/resumen-de-actividades-laboratorios-azucar-november-20th/,http://somosazucar.org/posts/2014/11/20/resumen-de-actividades-laboratorios-azucar-november-20th.html
http://somosazucar.org/2014/01/27/resumen-de-actividades-laboratorios-azucar-january-27th/,http://somosazucar.org/posts/2014/01/27/resumen-de-actividades-laboratorios-azucar-january-27th.html
http://somosazucar.org/tag/carretera-inter-oceanica,/categories/carretera-inter-oceanica/
http://somosazucar.org/2013/11/25/resumen-de-actividades-laboratorios-azucar-november-25th/,http://somosazucar.org/posts/2013/11/25/resumen-de-actividades-laboratorios-azucar-november-25th.html
http://somosazucar.org/2011/11/02/sugar-camp-lima-2011/,http://somosazucar.org/posts/2011/11/02/sugar-camp-lima-2011.html
http://somosazucar.org/2014/05/15/resumen-de-actividades-laboratorios-azucar-may-15th/,http://somosazucar.org/posts/2014/05/15/resumen-de-actividades-laboratorios-azucar-may-15th.html
http://somosazucar.org/2014/07/24/resumen-de-actividades-laboratorios-azucar-july-24th/,http://somosazucar.org/posts/2014/07/24/resumen-de-actividades-laboratorios-azucar-july-24th.html
http://somosazucar.org/2014/02/15/manual-de-traduccion-a-lenguas-nativas/,http://somosazucar.org/posts/2014/02/15/manual-de-traduccion-a-lenguas-nativas.html
http://somosazucar.org/2013/04/08/cumpleanos-feliz/,http://somosazucar.org/posts/2013/04/08/cumpleanos-feliz.html
http://somosazucar.org/2015/04/08/resumen-de-actividades-laboratorios-azucar-april-8th/,http://somosazucar.org/posts/2015/04/08/resumen-de-actividades-laboratorios-azucar-april-8th.html
http://somosazucar.org/tag/comunidad-peru-tedxtukuy-sugar-sunset,/categories/comunidad-peru-tedxtukuy-sugar-sunset/
http://somosazucar.org/2014/01/20/resumen-de-actividades-laboratorios-azucar-january-20th/,http://somosazucar.org/posts/2014/01/20/resumen-de-actividades-laboratorios-azucar-january-20th.html
http://somosazucar.org/2013/12/23/resumen-de-actividades-laboratorios-azucar-december-23rd/,http://somosazucar.org/posts/2013/12/23/resumen-de-actividades-laboratorios-azucar-december-23rd.html
http://somosazucar.org/2015/04/15/resumen-de-actividades-laboratorios-azucar-april-15th/,http://somosazucar.org/posts/2015/04/15/resumen-de-actividades-laboratorios-azucar-april-15th.html
http://somosazucar.org/2013/11/04/resumen-de-actividades-laboratorios-azucar-november-4th/,http://somosazucar.org/posts/2013/11/04/resumen-de-actividades-laboratorios-azucar-november-4th.html
http://somosazucar.org/2015/01/29/resumen-de-actividades-laboratorios-azucar-january-29th/,http://somosazucar.org/posts/2015/01/29/resumen-de-actividades-laboratorios-azucar-january-29th.html
http://somosazucar.org/2014/05/01/resumen-de-actividades-laboratorios-azucar-may-1st/,http://somosazucar.org/posts/2014/05/01/resumen-de-actividades-laboratorios-azucar-may-1st.html
http://somosazucar.org/2014/05/12/aprende-a-volar-con-python/,http://somosazucar.org/posts/2014/05/12/aprende-a-volar-con-python.html
http://somosazucar.org/tag/otros,/categories/otros/
http://somosazucar.org/2014/10/23/resumen-de-actividades-laboratorios-azucar-october-23rd/,http://somosazucar.org/posts/2014/10/23/resumen-de-actividades-laboratorios-azucar-october-23rd.html
http://somosazucar.org/tag/xo,/categories/xo/
http://somosazucar.org/?p=143,http://somosazucar.org/posts/143.html
http://somosazucar.org/2012/07/18/actualiza-xo/,http://somosazucar.org/posts/2012/07/18/actualiza-xo.html
http://somosazucar.org/2014/02/06/resumen-de-actividades-laboratorios-azucar-february-6th/,http://somosazucar.org/posts/2014/02/06/resumen-de-actividades-laboratorios-azucar-february-6th.html
http://somosazucar.org/2012/07/05/proyecto-piloto-hexoquinasa-red-azucar-inicia-fase-de-alfa-testing/,http://somosazucar.org/posts/2012/07/05/proyecto-piloto-hexoquinasa-red-azucar-inicia-fase-de-alfa-testing.html
http://somosazucar.org/2010/04/08/10/,http://somosazucar.org/posts/2010/04/08/10.html
http://somosazucar.org/2014/03/27/resumen-de-actividades-laboratorios-azucar-march-27th/,http://somosazucar.org/posts/2014/03/27/resumen-de-actividades-laboratorios-azucar-march-27th.html
http://somosazucar.org/about/,http://somosazucar.org/stories/about.html
http://somosazucar.org/tag/red-azucar,/categories/red-azucar/
http://somosazucar.org/2014/12/04/resumen-de-actividades-laboratorios-azucar-december-4th/,http://somosazucar.org/posts/2014/12/04/resumen-de-actividades-laboratorios-azucar-december-4th.html
http://somosazucar.org/tag/xolaptop,/categories/xolaptop/
http://somosazucar.org/2013/10/28/resumen-de-actividades-laboratorios-azucar-october-28th/,http://somosazucar.org/posts/2013/10/28/resumen-de-actividades-laboratorios-azucar-october-28th.html
http://somosazucar.org/2014/07/17/resumen-de-actividades-laboratorios-azucar-july-17th/,http://somosazucar.org/posts/2014/07/17/resumen-de-actividades-laboratorios-azucar-july-17th.html
http://somosazucar.org/2014/06/12/resumen-de-actividades-laboratorios-azucar-june-12th/,http://somosazucar.org/posts/2014/06/12/resumen-de-actividades-laboratorios-azucar-june-12th.html
http://somosazucar.org/2015/01/08/resumen-de-actividades-laboratorios-azucar-january-8th/,http://somosazucar.org/posts/2015/01/08/resumen-de-actividades-laboratorios-azucar-january-8th.html
http://somosazucar.org/tag/proyectos,/categories/proyectos/
http://somosazucar.org/2014/07/03/resumen-de-actividades-laboratorios-azucar-july-3rd/,http://somosazucar.org/posts/2014/07/03/resumen-de-actividades-laboratorios-azucar-july-3rd.html
http://somosazucar.org/2014/01/06/resumen-de-actividades-laboratorios-azucar-january-6th/,http://somosazucar.org/posts/2014/01/06/resumen-de-actividades-laboratorios-azucar-january-6th.html
http://somosazucar.org/2013/10/21/resumen-de-actividades-laboratorios-azucar-october-21st/,http://somosazucar.org/posts/2013/10/21/resumen-de-actividades-laboratorios-azucar-october-21st.html
http://somosazucar.org/2013/09/23/resumen-de-actividades-laboratorios-azucar-september-23rd/,http://somosazucar.org/posts/2013/09/23/resumen-de-actividades-laboratorios-azucar-september-23rd.html
http://somosazucar.org/2014/11/13/resumen-de-actividades-laboratorios-azucar-november-13th/,http://somosazucar.org/posts/2014/11/13/resumen-de-actividades-laboratorios-azucar-november-13th.html
http://somosazucar.org/tag/hexoquinasa,/categories/hexoquinasa/
http://somosazucar.org/2014/08/14/resumen-de-actividades-laboratorios-azucar-august-14th/,http://somosazucar.org/posts/2014/08/14/resumen-de-actividades-laboratorios-azucar-august-14th.html
http://somosazucar.org/2015/07/17/resumen-de-actividades-laboratorios-azucar-july-17th-2/,http://somosazucar.org/posts/2015/07/17/resumen-de-actividades-laboratorios-azucar-july-17th-2.html
http://somosazucar.org/2012/10/15/hexoquinasa-red-azucar/,http://somosazucar.org/posts/2012/10/15/hexoquinasa-red-azucar.html
